Sample,Depth,Chl-a,DO,Turbity,pH,TDS,T,NH4-N,NO3-N,TN,TP,TOC,Ca,K,Mg,Na,F,CAC,CRC,16sCRA,Community_niche,PCoA1,PCoA2,PCoA1_Cya,PCoA1_Cya,Cya_MDS1,Cya_MDS2,MDS1,MDS2,shannon,,
1_1D,0.5,34.29,6.1,4.19,9.36,906.7,17.3,0.4,0.38,0.96,0.07,22.61,7.26,11,68.08,191.38,2.23,1690000,0.6444,0.361234777,40.60271705,-0.337175855,0.255414843,-0.347980216,-0.238337154,-0.842451542,-0.201096179,-0.814321665,-0.252374933,5.612007758,,
1_1M,0.5,18.36,6.46,15.4,9.47,910.4,16.1,0.13,0.33,0.96,0.06,22.15,5.019,9.096,68.88,223.35,2.83,30000,0.0126,0.143713897,28.74947158,-0.165565098,-0.245232244,-0.158063868,0.23430991,-0.269128229,0.196043248,-0.334589552,0.210945819,7.095735024,,
1_1S,0.5,31.69,6.9,3.25,9.51,866.8,24.2,0.15,0.38,1.1,0.04,21.54,5.59,12.81,79.5,214.14,1.56,1772500,0.774,0.166268075,38.49028063,0.385366631,0.107081117,0.381607223,-0.11030235,0.831616192,0.237582207,0.776137838,-0.368014707,5.854195131,,
1_3D,15.5,21.79,5.99,5.55,9.46,905.8,17.4,0.35,0.47,0.75,0.07,23.97,6.54,11.26,69.18,195.08,2.22,3115000,0.7788,0.386106921,37.84058951,-0.330486369,0.270824387,-0.341262719,-0.260660996,-0.865867576,-0.245070474,-0.840553177,-0.273718218,5.520097385,,
1_3M,15.5,44.2,6.02,15,9.48,910.4,15.4,0.14,0.32,0.95,0.07,20.71,4.953,8.715,67.86,220.17,2.34,40000,0.011,0.128113617,26.13750869,-0.186401053,-0.235357128,-0.18121242,0.223737014,-0.32521369,0.20977643,-0.401694552,0.214952504,7.119271069,,
1_3S,15.5,15.42,3.33,6.91,9.42,881,23.1,0.17,0.36,0.93,0.05,23.79,5.69,12.78,78.75,211.86,1.6,1520000,0.717,0.098274403,36.43966572,0.346551735,0.071757571,0.340881965,-0.063115358,0.661826575,0.197780425,0.630146722,-0.285028327,5.974816722,,
10_1D,0.5,4.37,6.27,3.29,9.43,904.3,17.3,0.38,0.41,0.85,0.05,21.57,6.4,11.32,69.4,194.74,2.15,2240000,0.6767,0.273004893,41.24371582,-0.310976482,0.21344351,-0.319500697,-0.193860444,-0.681552758,-0.188873194,-0.656861349,-0.23799927,5.972479641,, 
10_1J,0.5,107.6,7.56,5.33,9.36,888.4,23.8,0.22,0.39,0.7,0.06,26.37,8.59,11.53,49.83,225.9034401,2.84,4693800,0.7867,0.097832886,36.40399244,0.17810363,-0.079797651,0.187326689,0.065823476,0.309221103,-0.059962175,0.323098826,0.09574913,6.475212875,,
10_1M,0.5,38.03,8.63,11.6,9.51,911,17.2,0.13,0.35,1.13,0.08,23.12,5.943,8.637,72.21,229.77,2.32,2650000,0.3797,0.324000147,40.26407242,-0.157891145,-0.314621494,-0.145121128,0.317312858,-0.275344518,0.416084155,-0.362295987,0.405500047,6.589785185,,
10_1S,0.5,22.82,7.33,2.56,9.52,864.1,24.1,0.14,0.43,1.15,0.05,21.5,6.23,12.99,80.85,215.12,1.58,2045500,0.8003,0.213105707,38.78142621,0.383715247,0.113676898,0.381030123,-0.117969337,0.915088681,0.248330211,0.811626608,-0.433353395,5.771129975,,
10_3D,26.5,15.47,5.78,2.86,9.43,903.5,17.5,0.4,0.38,0.94,0.06,23.16,6.44,11.28,69.38,194.12,2.18,1780000,0.6967,0.134184481,42.2691628,-0.269737658,0.142897954,-0.272479404,-0.114617698,-0.547848069,-0.130547097,-0.541763622,-0.209002586,6.263130602,,
10_3J,26.5,54.55,5.74,4.32,9.25,896.8,20.2,0.26,0.34,0.8,0.1,21.33,8.61,11.47,49.32,225.4202409,1.84,1887000,0.8227,0.09930461,24.93407716,0.135253537,-0.052652326,0.135270443,0.036993909,0.278369478,-0.527133758,0.451746803,0.658569774,7.458608964,,
10_3M,26.5,45.72,8.35,9.21,9.51,909.6,17.1,0.15,0.38,1.06,0.08,23.12,6.432,8.412,69.21,220.47,2.29,3990000,0.5363,0.236101402,38.55811391,-0.170512147,-0.311119138,-0.159558813,0.311765166,-0.322116834,0.431941068,-0.406412558,0.418529216,6.796830307,,
10_3S,26.5,31.69,2.04,2.36,9.38,887.9,22.3,0.27,0.4,0.87,0.1,23.01,7.16,13.25,81.66,220.01,1.54,320500,0.6848,0.055410427,22.96878113,0.365401962,0.123140325,0.364883028,-0.13487547,1.289637487,-0.443927596,1.420800225,-0.048828439,6.295587852,,
11_1D,0.5,8.87,6.19,3.45,9.44,899,17.7,0.41,0.38,1,0.05,23.95,6.42,11.34,69.62,194.3,2.18,2735000,0.6741,0.366569778,37.73528026,-0.337106167,0.270273475,-0.349136515,-0.258811944,-0.860686693,-0.270941812,-0.839602934,-0.283869809,5.626156885,,
11_1J,0.5,50.59,7.05,3.39,9.28,916.2,23.2,0.62,0.4,0.8,0.1,25.1,10.94,11.13,48.05,218.0955024,2.76,4782500,0.8329,0.179955112,35.30099243,0.209721948,-0.073967857,0.22192658,0.055344013,0.349115866,-0.099857768,0.353551434,0.108579669,6.649033651,,
11_1M,0.5,52.1,8.44,9.29,9.52,917,17.2,0.16,0.33,1.06,0.08,24.08,4.731,8.34,70.23,222.36,2.52,2470000,0.7243,0.252805475,38.78639394,-0.158429159,-0.309577692,-0.14381734,0.308679942,-0.258326958,0.370311102,-0.346436571,0.364113756,6.875312134,,
11_1S,0.5,26.52,6.41,2.67,9.51,866.9,24.2,0.16,0.42,0.77,0.07,23.76,5.58,13.06,79.62,214.26,1.6,1688000,0.7089,0.114978476,38.54806894,0.347490171,0.067773359,0.341725103,-0.057179696,0.748302624,0.351731425,0.743069676,-0.290045542,5.879787356,,
11_3D,26.5,23.47,5.68,2.93,9.44,902.5,17.3,0.41,0.4,0.84,0.04,23.63,6.46,11.3,69.92,195.42,2.17,3085000,0.6488,0.245483645,41.18531318,-0.313476452,0.263182726,-0.323826601,-0.250106957,-0.763773077,-0.32269675,-0.727219057,-0.344128913,5.925516869,,
11_3J,26.5,63.16,6.24,5.27,9.29,893.8,22,0.29,0.34,0.6,0.09,22.37,8.6,11.49,49.58,225.8226362,2.92,2917500,0.8069,0.178409802,27.27392679,0.176694173,-0.082034005,0.182958276,0.066088501,0.335619746,-0.32405786,0.429426577,0.383304318,7.538188437,,
11_3M,26.5,45.71,7.54,9.69,9.53,912.9,15.9,0.14,0.34,1.15,0.07,23.12,5.511,8.25,69.54,220.05,2.27,2520000,0.7139,0.201405497,37.2628214,-0.181999959,-0.284466584,-0.171878126,0.281613514,-0.30890973,0.297986908,-0.37008819,0.28733274,6.833032173,,
11_3S,26.5,21.34,3.81,2.37,9.41,880,22.4,0.43,0.4,0.85,0.1,23.46,7.28,13.13,81.95,218.6,1.54,1645500,0.8203,0.100555576,23.53323506,0.368761374,0.09032399,0.360544428,-0.075010844,0.943005326,-0.125333684,1.070793575,0.016510515,7.263119948,,
12_1D,0.5,12.66,5.88,3.35,9.45,902.7,17.4,0.43,0.39,0.94,0.08,23.66,6.38,11.34,69.76,197.1,2.15,3635000,0.6839,0.387321093,36.73779395,-0.323334215,0.226569828,-0.330324739,-0.212123718,-0.76220262,-0.180521989,-0.742353839,-0.218826817,6.135094568,,
12_1J,0.5,145.4,7.31,5.55,9.34,890.8,23.7,0.27,0.41,0.9,0.13,32.16,8.43,11.42,49.53,224.73169,3.1,1416000,0.363,0.177637146,36.90506909,0.1987602,-0.050650163,0.208118131,0.032838474,0.31152395,-0.091856842,0.299562503,0.027939158,6.768613551,,
12_1M,0.5,44.92,8.17,10.2,9.51,914.8,16.3,0.14,0.36,0.89,0.09,26.97,5.34,8.112,69.03,220.44,2.26,400000,0.198,0.219470915,37.91100011,-0.161318101,-0.294843329,-0.148603861,0.289698107,-0.261469873,0.309882809,-0.336873686,0.322880937,6.835841836,,
12_1S,0.5,22.32,6.97,2.9,9.52,868,24.2,0.15,0.44,0.76,0.07,23.87,5.81,12.84,80.4,214.74,1.54,2083000,0.7301,0.171492697,38.98421692,0.355774781,0.081217194,0.350897846,-0.077145047,0.84810768,0.395566213,0.850021115,-0.357177557,5.922897542,,
12_3D,21.5,19.54,5.66,2.67,9.44,900.8,17.5,0.42,0.37,0.84,0.08,24.87,6.52,11.34,69.74,194.84,2.29,3930000,0.703,0.451304316,35.67030137,-0.336494944,0.269102963,-0.347217542,-0.259106483,-0.983388164,-0.175950262,-0.952829483,-0.251229021,5.394411078,,
12_3M,21.5,55.12,7.94,13.4,9.5,912.3,16.4,0.15,0.33,0.86,0.1,24.56,6.501,8.238,68.7,220.02,2.22,730000,0.2786,0.205268774,35.80938665,-0.167668302,-0.281630534,-0.154862821,0.277267275,-0.269709857,0.277870118,-0.336421406,0.279870143,6.859631066,,
12_3S,21.5,36.13,5.38,2.67,9.48,872.8,23.7,0.15,0.44,1.05,0.08,23.87,5.47,12.77,80.36,214.37,1.52,2275500,0.8543,0.088928953,24.03942943,0.375581385,0.07401196,0.363989438,-0.056968834,0.862267394,-0.002084792,0.924448074,-0.085654332,6.918503132,,
13_1D,0.5,4.23,6.45,2.73,9.44,903.3,17.4,0.4,0.41,0.85,0.08,22.18,6.4,11.44,70.88,197.02,2.28,1377500,0.5088,0.382133265,40.87735613,-0.317217344,0.24623699,-0.328996391,-0.233627819,-0.884058094,-0.11907526,-0.848609493,-0.231344724,5.173882127,,
13_1J,0.5,129.4,7.61,4.97,9.36,889.8,23.5,0.2,0.43,0.8,0.06,22.14,8.54,11.44,49.08,223.9577135,2.8,4015000,0.8328,0.190956253,33.74339646,0.179555521,-0.074098161,0.188320263,0.055340912,0.286801038,-0.08194628,0.300155639,0.072269353,6.779040943,,
13_1M,0.5,43.87,8.42,12.5,9.51,914.7,19.7,0.18,0.3,1.05,0.08,23.12,5.913,8.262,69.72,221.4,2.31,2200000,0.6875,0.325324699,38.47795994,-0.15595703,-0.328146064,-0.14417536,0.328941583,-0.288374108,0.464851105,-0.368131931,0.461092011,6.626553384,,
13_1S,0.5,47.97,7.06,3.46,9.43,1062,24.2,0.17,0.43,0.88,0.04,22.08,5.64,12.88,80.78,215.75,1.53,1573000,0.7124,0.143713897,39.80554433,0.386751349,0.092182481,0.383896632,-0.093932299,0.80910208,0.185544734,0.743347259,-0.353585957,5.779575919,,
13_3D,11.5,9.85,6.15,3.4,9.44,902.5,17.4,0.4,0.38,1.19,0.07,24.01,6.36,11.44,70.1,196.44,2.15,2785000,0.7348,0.218183156,42.13256952,-0.306109913,0.244534429,-0.315105024,-0.230785409,-0.708873569,-0.282178136,-0.675821089,-0.310597731,5.86600741,,
13_3J,11.5,65.45,6.71,6.6,9.34,890.1,23.3,0.15,0.35,0.4,0.05,36.79,8.51,11.41,49.19,225.5086321,3.02,2253000,0.726,0.206666912,32.98112292,0.219203959,-0.061527128,0.229246412,0.04482327,0.386970911,-0.117674665,0.442736046,0.171762069,6.618783792,,
13_3M,11.5,59.83,8.02,13.5,9.51,913.9,18.2,0.14,0.38,0.89,0.12,25.52,6.216,8.16,69.39,220.32,2.29,3010000,0.7184,0.209389602,35.60403552,-0.18078655,-0.289832428,-0.169935074,0.288167367,-0.322099988,0.343960133,-0.399034402,0.327206854,6.845770819,,
13_3S,11.5,57.58,6.84,5.43,9.5,866.5,24.2,0.17,0.44,1.16,0.06,23.82,7.17,13.15,82.09,220.36,1.5,3870500,0.8687,0.140733655,29.87191757,0.38055393,0.096310791,0.374058969,-0.090332921,0.952316684,0.077409528,0.9411141,-0.233563529,6.461092856,,
14_1D,0.5,7.75,6.9,3.09,9.45,902.5,17.7,0.42,0.4,1.07,0.06,23.87,6.44,11.32,70.12,195.54,2.24,2790000,0.6046,0.219986019,41.90469252,-0.282706389,0.10103531,-0.287701449,-0.071551053,-0.721410354,0.066234274,-0.726133766,-0.065839258,5.832021075,,
14_1J,0.5,103.4,7.33,4.59,9.34,891.6,23.5,0.19,0.33,0.6,0.06,23.89,8.75,11.55,49.44,227.0834703,3.18,6180000,0.8665,0.169579455,39.05484077,0.21693433,-0.074802448,0.229100909,0.058540408,0.370165798,-0.053400205,0.37666242,0.092455595,6.34800762,,
14_1M,0.5,48.98,8.58,19.9,9.51,914.2,18.6,0.21,0.28,1.23,0.08,27.93,6.219,8.535,72.81,231.99,2.24,2290000,0.5887,0.486073807,40.74415556,-0.16389738,-0.31774206,-0.157581498,0.327405282,-0.491123216,0.721083317,-0.555058875,0.710881111,5.642755109,,
14_1S,0.5,48.95,6.92,2.9,9.51,870.3,24.1,0.18,0.41,1.03,0.08,23.69,5.55,12.74,80.25,214.93,1.55,2320000,0.7282,0.162257625,40.01354866,0.37018374,0.066023395,0.366074358,-0.06292677,0.824016554,0.342974376,0.808601356,-0.287083972,5.839172136,,
14_3D,19.5,12.24,5.86,2.86,9.45,900.9,17.7,0.46,0.36,0.84,0.07,24.16,6.28,11.16,69.12,193.06,2.15,3465000,0.6722,0.39460613,40.55391114,-0.326858357,0.282019131,-0.338455165,-0.271633485,-0.911419971,-0.291972108,-0.882322968,-0.31627914,5.177184521,,
14_3J,19.5,41.43,6.05,3.83,9.29,894.3,21.6,0.14,0.34,0.5,0.05,23.09,8.57,11.42,49.06,225.5757299,2.87,666000,0.5989,0.152948968,36.70019856,0.229109174,-0.078789756,0.2393986,0.0617445,0.42702999,-0.044890432,0.447925443,0.147671747,6.097885534,,
14_3M,19.5,44.36,8.39,14.2,9.51,908.7,17,0.17,0.34,1.06,0.1,22.15,6.882,8.133,69.69,220.23,2.29,2410000,0.5936,0.423378344,39.51846785,-0.179773933,-0.320845434,-0.167973579,0.329780858,-0.407996939,0.55865347,-0.490568868,0.517500947,6.323679415,,
14_3S,19.5,34.65,6.75,2.67,9.51,867.7,24.2,0.15,0.42,1.08,0.07,23.94,7.26,13.01,81.11,218.71,1.67,3125000,0.7896,0.118473822,25.50840038,0.404994985,0.102077664,0.395633464,-0.09434953,0.936647884,-0.000321775,0.974125979,-0.150088817,6.818707324,,
15_1D,0.5,4.37,6.68,2.72,9.45,902.3,18.2,0.25,0.45,0.87,0.06,23.15,6.4,11.56,70.58,199.4,2.16,7455000,0.8337,0.295963796,41.47025633,-0.32396205,0.187409772,-0.332340733,-0.165425872,-0.722151951,-0.110525939,-0.695389686,-0.186826841,6.007002528,,
15_1J,0.5,65.11,7.37,3.98,9.34,890.7,23.5,0.19,0.36,0.5,0.05,23.93,10.4,11.05,47.72,217.6396444,2.91,2405000,0.65,0.209426395,37.89376533,0.236174274,-0.055120738,0.246128765,0.037456336,0.42043575,-0.091084477,0.441970032,0.114794972,6.43587696,,
15_1M,0.5,43.32,8.59,12.8,9.51,909.7,18.8,0.13,0.36,1.03,0.06,28.41,6.312,8.169,70.2,221.82,2.3,2760000,0.4488,0.33349277,37.87029305,-0.164452818,-0.314951302,-0.155085659,0.320119582,-0.324564534,0.482351839,-0.409603345,0.44214056,6.395088373,,
15_1S,0.5,37.36,7.07,3.28,9.51,867.8,24.2,0.2,0.4,1.34,0.09,23.76,5.6,13.07,80.51,215.15,1.56,2010000,0.8636,0.151072519,36.75068251,0.394580756,0.105580231,0.392716847,-0.10879239,0.875642276,0.206513345,0.800046484,-0.373836108,5.805451369,,
15_3D,20.5,20.1,5.32,3.21,9.44,898.3,17.8,0.38,0.37,1,0.08,23.51,6.36,11.42,69.78,196.7,2.27,5635000,0.7973,0.288053276,42.1400947,-0.324143298,0.205910099,-0.331858985,-0.185331691,-0.731222883,-0.133701362,-0.707707143,-0.211767691,5.904271521,,
15_3M,20.5,52.03,8.34,10.5,9.5,911.7,16.7,0.13,0.33,0.86,0.02,24.56,6.975,8.208,69.51,220.86,2.27,3730000,0.4921,0.332168218,37.84861581,-0.175855649,-0.297782114,-0.163594211,0.300969816,-0.336185804,0.44853538,-0.431824645,0.409496881,6.681563921,,
15_3S,20.5,73.61,6.62,2.51,9.51,870.8,24.2,0.19,0.41,1.24,0.08,23.63,7.11,12.99,80.95,216.4,1.63,1853000,0.7199,0.098016851,22.58520625,0.385529813,0.098373379,0.37396913,-0.086764133,0.877642072,-0.111033963,1.002692737,-0.023014804,7.369129366,,
2_1D,0.5,36.67,6.65,3.12,9.45,903.2,17.4,0.23,0.45,0.96,0.07,24.11,6.48,11.16,68.56,193.08,2.3,3331250,0.7425,0.368299054,37.47625329,-0.322022522,0.240966364,-0.329737695,-0.22563835,-0.762913626,-0.206353959,-0.746269555,-0.241318823,6.010588863,,
2_1J,0.5,10.07,6.21,5.5,9.3,895.5,22.4,0.15,0.43,1,0.09,24.64,8.52,11.49,50.08,224.6452564,2.34,3506000,0.7673,0.260053718,37.51416532,0.140415634,-0.057261854,0.144285628,0.039623654,0.191087656,-0.075021607,0.177909233,-0.019595371,6.886331915,,
2_1M,0.5,35.21,6.63,13.3,9.48,912.6,16.7,0.13,0.3,0.94,0.06,19.26,4.782,8.703,68.19,221.31,2.64,120000,0.1667,0.134515619,30.76212411,-0.174029981,-0.252644697,-0.164267191,0.243241853,-0.285916031,0.223348702,-0.355291253,0.225421839,7.020918347,,
2_1S,0.5,20.6,6.89,3.35,9.51,866,24.2,0.13,0.38,0.92,0.06,23.92,5.59,12.95,79.63,211.24,1.56,1982500,0.7467,0.154199934,36.75387004,0.345084729,0.097719742,0.336327017,-0.094085955,0.71740998,0.297620033,0.675607742,-0.405872598,5.918196924,,
2_3D,15.5,30.92,6.38,3.47,9.45,902.2,17.1,0.36,0.44,1.09,0.07,23.84,6.4,11.26,69.26,194.9,2.22,620000,0.4464,0.438058795,36.81386864,-0.344526965,0.299609078,-0.361827708,-0.292251586,-1.097246977,-0.31580616,-1.077854726,-0.356072656,5.187604351,,
2_3M,15.5,28.63,6.58,13,9.48,913.1,16.1,0.12,0.29,0.93,0.07,21.19,5.679,8.631,69.03,221.31,2.36,20000,0.0172,0.161264211,29.82709084,-0.198701532,-0.223662022,-0.195996006,0.214004348,-0.366847671,0.220166868,-0.424854769,0.203974196,6.898830582,,
2_3S,15.5,15.42,3.84,3.76,9.45,876.6,23.7,0.16,0.4,0.97,0.07,23.66,5.67,13.13,79.35,212.31,1.54,2013500,0.787,0.137459068,35.10446205,0.374846197,0.105609896,0.37028741,-0.106046664,0.768455894,0.171806945,0.713623465,-0.359153696,5.955343248,,
3_1D,0.5,53.66,8.08,9.57,9.46,902.1,17.3,0.31,0.44,1.1,0.07,23.59,6.42,11.3,69.48,195.56,2.21,7010000,0.7881,0.152286692,41.10479375,-0.27680491,0.178151726,-0.280159652,-0.153686785,-0.583569265,-0.19565159,-0.579145214,-0.254818425,6.256615094,,
3_1J,0.5,16.59,5.39,12.4,9.24,891.6,23,0.2,0.36,1.3,0.09,24.36,8.64,11.53,50.14,226.7703112,2.46,1620000,0.5078,0.131020273,32.53307586,0.114254202,-0.088512457,0.121436973,0.075902295,0.161455809,-0.111086897,0.168972723,0.052103046,7.126205358,,
3_1M,0.5,55.28,7.16,17.6,9.48,911.2,15.9,0.15,0.33,0.91,0.07,19.26,4.797,8.598,68.31,219.6,2.27,0,0,0.145847897,26.90785913,-0.187001554,-0.246517582,-0.182094345,0.23412467,-0.31499428,0.213348486,-0.379039424,0.218389706,7.055905388,,
3_1S,0.5,29.23,6.75,6.59,9.5,861.6,24.5,0.14,0.42,0.98,0.04,23.42,5.61,13.06,79.51,212.89,1.53,3140000,0.7899,0.10107068,39.30157332,0.369789525,0.078374854,0.365791111,-0.073376315,0.747592591,0.232580286,0.705279545,-0.301330841,5.836565598,,
3_3D,7.5,47.76,8.08,11.4,9.46,901.6,17.3,0.34,0.39,0.84,0.09,23.74,6.44,11.26,69.44,194.84,2.36,4710000,0.6729,0.437727657,37.52954215,-0.320145644,0.301612193,-0.332146196,-0.299815148,-1.148307254,-0.342967523,-1.096501089,-0.436814543,4.615234653,,
3_3J,7.5,10.87,5.68,11.1,9.27,891.5,22.7,0.18,0.4,0.7,0.08,24.47,12.01,11.27,48.23,213.8578733,2.25,2251000,0.5313,0.114132234,32.51545399,0.132178371,-0.096530663,0.141524593,0.081800507,0.193041439,-0.046450162,0.201616292,0.072607642,7.297934418,,
3_3M,7.5,33.26,7.08,18.3,9.48,910.4,15.6,0.17,0.31,0.98,0.06,26.49,5.982,8.556,68.43,221.16,2.36,10000,0.0092,0.17863056,28.58845051,-0.199225578,-0.240989426,-0.192627826,0.228533826,-0.342562792,0.21865107,-0.41351198,0.227945199,6.974218252,,
3_3S,7.5,30.46,6.62,6.59,9.51,863.9,24.3,0.19,0.44,0.84,0.07,23.48,5.53,13.11,79.41,213.08,1.55,3830000,0.8272,0.099488576,37.25732034,0.383406859,0.097274846,0.380572298,-0.096735618,0.871647249,0.156086254,0.771614877,-0.406108046,5.650649569,,
4_1D,0.5,34.85,6.52,2.92,9.44,905.8,17.5,0.29,0.43,0.73,0.07,21.92,6.46,11.28,68.96,193.52,2.28,7010000,0.798,0.336362633,41.96866777,-0.324835993,0.252957492,-0.334547449,-0.241412968,-0.812289867,-0.187116619,-0.765809092,-0.278983499,5.464986625,,
4_1J,0.5,65.3,7.02,5.7,9.3,883.7,24.1,0.18,0.34,0.1,0.06,23.39,8.9,11.6,50.45,226.032714,2.53,4973500,0.8088,0.138930792,35.39176693,0.121804399,-0.090123302,0.126813276,0.075093141,0.203338526,-0.321165106,0.270791533,0.347571744,6.389515356,,
4_1M,0.5,36.12,7.81,8.69,9.49,915.8,18.3,0.15,0.28,0.9,0.44,21.67,6.507,8.604,68.52,223.74,2.29,1050000,0.5932,0.215497259,37.19725168,-0.200595544,-0.247107862,-0.195376076,0.240443841,-0.351239221,0.253308761,-0.402709103,0.236084284,6.713387185,,
4_1S,0.5,21.09,6.69,2.8,9.51,864.7,24.5,0.24,0.41,0.92,0.04,21.45,5.47,13.13,80.55,214.51,1.53,4285000,0.8125,0.159608521,37.63429451,0.373869648,0.137508307,0.372463299,-0.146435707,0.925027985,0.166183081,0.768814697,-0.48293465,5.817087232,,
4_3D,31.5,18.28,6.27,2.77,9.44,901.3,17.6,0.33,0.42,1.18,0.06,23.33,6.38,11.3,69.3,194.6,2.17,3675000,0.7664,0.349608153,42.28441554,-0.32876919,0.244034177,-0.338227719,-0.228719117,-0.820580508,-0.161469764,-0.774669394,-0.263150848,5.703763933,,
4_3J,31.5,89.15,6.22,7.21,9.26,885.4,22.7,0.23,0.34,1,0.09,24.01,10.42,11.2,48.98,218.3391073,2.36,2605000,0.734,0.150263071,26.68711328,0.09289099,-0.068687665,0.092259294,0.054822238,0.149357958,-0.467875315,0.251770104,0.597171236,7.629104526,,
4_3M,31.5,36.67,7.18,8.48,9.49,920.3,17.6,0.17,0.34,1,0.06,20.23,5.805,8.334,67.35,218.46,2.37,1680000,0.7534,0.212517017,31.32134239,-0.185955459,-0.253363359,-0.179294986,0.243888191,-0.300792813,0.213539497,-0.367940816,0.232736961,7.046403585,,
4_3S,31.5,11.47,2.8,2.46,9.38,885,21.9,0.49,0.37,0.79,0.07,23.17,6.36,13.27,81.01,215.88,1.56,988000,0.6723,0.055152875,20.27993439,0.314231068,0.09798798,0.309805015,-0.079618377,0.972020223,-0.359802605,1.2779116,0.165436407,7.634738677,,
5_1D,0.5,16.73,5.89,2.62,9.43,903.1,17.5,0.33,0.45,1.05,0.09,23.91,6.54,11.26,69.36,195.26,2.3,3872500,0.7826,0.379263402,38.70668749,-0.331983629,0.273194473,-0.342910842,-0.258078884,-0.85854687,-0.238452531,-0.834936042,-0.288703159,5.711029354,,
5_1J,0.5,103.8,7.17,4.42,9.37,895.9,22.7,0.18,0.32,1.4,0.07,23.02,8.69,11.6,50.89,230.1654154,2.64,1414000,0.4645,0.161521763,35.10567729,0.163408724,-0.058034472,0.172167488,0.037458241,0.257538955,-0.169408687,0.261517449,0.051735544,6.863413538,,
5_1M,0.5,47.31,7.99,8.58,9.5,914.2,17.9,0.14,0.3,0.83,0.09,20.71,5.034,8.238,68.13,220.95,2.4,1860000,0.744,0.236690092,34.61007014,-0.201377593,-0.251826485,-0.195414071,0.247470657,-0.362559148,0.288682787,-0.436360064,0.268061837,6.842184125,,
5_1S,0.5,27.75,6.44,3.08,9.5,864,24.6,0.2,0.39,0.88,0.05,23.72,5.53,12.88,79.12,212.24,1.55,1255500,0.7295,0.18584201,38.63407394,0.383415987,0.124873778,0.380482805,-0.133490314,0.902783857,0.224557989,0.794112432,-0.44843129,5.757023487,,
5_3D,15.5,13.51,5.61,2.93,9.43,902.3,17.5,0.4,0.4,1.05,0.07,23.92,6.3,11.16,69.16,193.58,2.17,2354500,0.7072,0.335369219,40.66826416,-0.340804042,0.249332603,-0.352864619,-0.232801636,-0.826845631,-0.203515926,-0.794225379,-0.247257385,5.761683454,,
5_3J,15.5,43.2,5.89,3.75,9.24,900.2,21,0.47,0.35,1.2,0.1,26.65,8.64,11.65,50.68,229.9763582,2.62,1027500,0.6462,0.205158394,30.2647845,0.109065045,-0.056484145,0.112706632,0.031511896,0.179317692,-0.402476808,0.269588075,0.467752738,7.454179622,,
5_3M,15.5,32.95,6.44,10.8,9.48,910.5,17.1,0.16,0.32,1.1,0.07,22.15,6.621,8.169,66.99,218.28,2.22,2260000,0.8726,0.209978292,30.98897626,-0.202313441,-0.23294596,-0.197975585,0.223400072,-0.347980316,0.209708905,-0.405997499,0.218576017,6.970093761,,
5_3S,15.5,16.65,3.82,3.14,9.5,873.2,23.9,0.17,0.38,0.65,0.06,23.73,6.17,13.43,80.83,215.5,1.51,1127500,0.7089,0.025939144,22.27024343,0.261805465,0.102748335,0.242792105,-0.101774244,1.355011781,-0.956056998,1.700698767,0.523175156,6.099789954,,
6_1D,0.5,51.98,7.9,7.1,9.46,904.5,17.2,0.29,0.41,0.78,0.07,24.14,6.38,11.12,68.58,192.84,2.25,3230000,0.5231,0.345818463,37.81615577,-0.330024159,0.246482444,-0.33732363,-0.233869884,-0.784174205,-0.216757826,-0.764882958,-0.246430137,6.07431558,,
6_1J,0.5,126.9,6.97,11.6,9.34,891.6,24,0.21,0.3,1.3,0.05,23.09,8.65,11.56,50.43,227.749534,2.67,3190000,0.7011,0.144449759,33.89313278,0.162180835,-0.055221223,0.173301165,0.035688278,0.284093885,-0.245214566,0.301331787,0.138569688,6.741808958,,
6_1M,0.5,56.72,8.33,9.11,9.51,909.8,16.9,0.19,0.3,1,0.09,22.15,4.887,8.52,69.12,224.19,2.34,700000,0.56,0.301445969,34.3611559,-0.180871225,-0.29880028,-0.170278935,0.301492595,-0.322030414,0.363512725,-0.399123347,0.349841401,6.662016014,,
6_1S,0.5,21.09,6.56,3.19,9.51,868.9,24.2,0.16,0.39,1.02,0.07,23.95,5.57,13.08,80.24,214.03,1.55,2060500,0.778,0.14375069,37.93093182,0.388314678,0.097528138,0.386584471,-0.097792622,0.822860043,0.187095463,0.753002383,-0.361025251,5.740597711,,
6_3D,19.5,36.53,6.62,4.61,9.44,901.7,17.5,0.34,0.4,1.07,0.06,23.82,6.62,11.48,70.1,197.32,2.17,2515000,0.6241,0.213915155,41.21932889,-0.285541523,0.174944828,-0.286730504,-0.153189015,-0.605551378,-0.164041377,-0.600514237,-0.229565312,6.167431409,,
6_3J,19.5,103.2,6.33,36.3,9.29,892.6,23.3,0.18,0.31,0.6,0.1,29.07,8.67,11.45,49.94,226.561997,2.66,1880000,0.7015,0.135803378,24.95207097,0.111686445,-0.09399439,0.118994904,0.076733738,0.170559889,-0.221587364,0.216320978,0.236313659,7.048456577,,
6_3M,19.5,46.31,7.96,6.81,9.49,909,15.8,0.14,0.34,1,0.07,22.15,4.782,8.409,68.7,222.27,2.34,760000,0.472,0.275617204,34.07279887,-0.200628627,-0.262711427,-0.192641951,0.259389993,-0.355110444,0.296081375,-0.423763885,0.288857016,6.846333504,,
6_3S,19.5,16.65,6.29,3.6,9.5,861.5,24.6,0.18,0.38,0.9,0.06,23.64,5.56,13.02,80.11,215.26,1.52,2093000,0.7814,0.080871261,28.97958446,0.392650398,0.075431052,0.387568592,-0.066494968,0.814547839,0.042897075,0.839881882,-0.149911553,6.466216126,,
7_1D,0.5,15.75,6.38,3.35,9.44,903.6,17.4,0.39,0.44,1.21,0.06,21.26,6.32,11.26,69.02,193.76,2.26,2590000,0.6475,0.331689908,41.63332227,-0.324101844,0.280819307,-0.336186386,-0.269067145,-0.852733456,-0.29384482,-0.812241485,-0.334748687,5.412418732,,
7_1J,0.5,38.17,7.34,5.2,9.3,884.7,24.4,0.19,0.31,1.4,0.04,24.58,10.81,10.96,48.13,214.9369121,2.21,6725000,0.7954,0.221310571,37.02029384,0.198982974,-0.041511326,0.208283886,0.018086861,0.324493025,-0.137494328,0.324707202,0.037484748,6.894374438,,
7_1M,0.5,48.2,8.61,10.5,9.52,913.3,17.1,0.17,0.36,1.08,0.08,23.6,5.604,8.286,69.21,221.1,2.23,1440000,0.7164,0.317892491,35.74157128,-0.183217974,-0.29924744,-0.174272024,0.301100549,-0.334165241,0.386726449,-0.41611989,0.368581321,6.716925748,,
7_1S,0.5,17.89,7.09,3.2,9.52,869.4,24.1,0.17,0.38,1.31,0.04,21.21,5.63,12.99,80.95,215.77,1.55,1543500,0.6537,0.167886972,40.40957173,0.40115148,0.103085466,0.39949845,-0.107888005,0.897485547,0.217797275,0.822294186,-0.370575003,5.680706281,,
7_3D,22.5,21.37,6.01,2.85,9.44,902.4,17.4,0.48,0.4,0.92,0.07,23.4,6.34,11.28,69.32,197.06,2.24,2897500,0.6684,0.272305824,40.79577781,-0.329628703,0.269369177,-0.341103708,-0.2567063,-0.826113288,-0.313030166,-0.792337893,-0.33914508,5.880915308,,
7_3J,22.5,36.47,5.79,3.58,9.27,889.2,21.1,0.27,0.38,0.4,0.12,27.3,8.6,11.46,49.88,226.2944717,3.05,2815500,0.7754,0.105044336,27.88846759,0.145692193,-0.069596276,0.147960623,0.054489091,0.283726777,-0.409745617,0.398208058,0.449569644,7.17214535,,
7_3M,22.5,48.33,7.78,9.41,9.5,909.4,16.2,0.15,0.39,0.84,0.07,22.15,6.645,8.097,67.59,215.94,2.23,1330000,0.7778,0.265388719,35.25993098,-0.173322522,-0.294797586,-0.163171218,0.290587645,-0.290425286,0.314211231,-0.372012789,0.334737366,7.063031651,,
7_3S,22.5,67.45,3.19,2.49,9.38,881.7,21.9,0.52,0.39,1.13,0.09,23.24,7.28,13.37,82.24,220.89,1.55,1140500,0.7904,0.01383421,20.56718659,0.258720992,0.107343327,0.247792463,-0.112383219,1.524106985,-1.117616958,2.045519311,0.38079846,5.691302393,,
8_1D,0.5,10.98,5.93,3.16,9.43,902.8,17.3,0.43,0.41,0.87,0.07,23.94,6.28,11.18,69.14,196.12,2.18,3940000,0.7771,0.40785165,41.64142523,-0.295346258,0.258387153,-0.309819182,-0.251398713,-0.98786082,-0.461413374,-0.930205028,-0.525280331,5.347663591,,
8_1J,0.5,77.2,7.14,4.6,9.33,895.2,22.7,0.48,0.33,0.7,0.08,24.82,8.52,11.43,50.27,227.0824002,2.86,7218000,0.8816,0.245594025,36.32702804,0.176718903,-0.046330485,0.186433219,0.01731952,0.313814746,-0.273807266,0.362182611,0.207006761,6.805531437,,
8_1M,0.5,36.56,8.23,11.4,9.5,908.6,18.1,0.14,0.39,0.85,0.07,23.12,4.587,8.28,68.61,221.4,2.3,5900,0.5728,0.320026491,37.07453114,-0.186477773,-0.292706779,-0.178417575,0.29613135,-0.38139665,0.456222969,-0.475625665,0.414298942,6.649437798,,
8_1S,0.5,27.01,6.74,2.66,9.51,868.7,24.2,0.17,0.41,0.89,0.05,23.76,5.66,12.84,80.96,217.32,1.56,692500,0.2299,0.174951249,39.43694627,0.364890425,0.114541046,0.360710098,-0.119276362,0.86776104,0.254257062,0.743231843,-0.485891941,5.303101225,,
8_3D,24.5,18.59,5.32,2.51,9.44,909.3,17.2,0.41,0.42,0.92,0.1,23.34,6.3,11.16,68.84,193.76,2.18,2340000,0.7376,0.307075316,38.72485462,-0.324655705,0.268371299,-0.338839386,-0.258110643,-0.854933698,-0.366229056,-0.840903782,-0.372360267,5.972941366,,
8_3M,24.5,38.72,7.67,9.25,9.52,912.7,17.4,0.12,0.4,1.24,0.07,26.49,7.95,8.169,66.45,215.58,2.3,8400,0.6829,0.255380993,35.89021402,-0.183042057,-0.277674956,-0.174109491,0.275704634,-0.315537651,0.321937718,-0.389981794,0.303811108,6.797626678,,
8_3S,24.5,23.06,3.22,2.03,9.38,884.7,21.8,0.47,0.5,1.13,0.07,23.17,7.07,13.14,80.89,217.17,1.59,1365000,0.8174,0.044630045,26.83586133,0.393368867,0.112327994,0.387137444,-0.114292842,1.203565073,-0.23418528,1.216137767,-0.063328496,5.950288941,,
9_1D,0.5,18.7,6.48,3.67,9.45,903.1,17.5,0.32,0.38,1.03,0.07,24.41,6.36,11.2,69.28,194.36,2.19,4680000,0.747,0.382648368,41.20956306,-0.330541092,0.222413464,-0.337688654,-0.207668472,-0.800361002,-0.125336006,-0.787177988,-0.199579191,5.729951699,,
9_1J,0.5,182.5,6.76,9.33,9.26,891.5,23.2,0.45,0.28,1.1,0.08,24.53,8.52,11.49,49.97,226.7881084,2.82,1860000,0.586,0.18205232,34.71826012,0.144031927,-0.091216878,0.149729901,0.075766561,0.220672973,-0.152698924,0.254673376,0.154636239,6.7451211,,
9_1M,0.5,51.21,8.27,11.6,9.5,910.2,18.1,0.14,0.34,0.97,0.06,24.08,12.972,8.211,69.03,222,2.25,860000,0.3675,0.360425328,33.28288691,-0.194618398,-0.310896201,-0.186355421,0.313459067,-0.429771473,0.503724065,-0.521618089,0.481483083,6.70641563,,
9_1S,0.5,30.71,6.55,3.26,9.51,869.2,24.1,0.18,0.42,0.9,0.05,24.21,5.73,12.93,80.33,215.68,1.55,1930500,0.7665,0.108539681,38.87845673,0.387857473,0.098012293,0.389437046,-0.101774419,1.015601905,0.166811469,0.866806479,-0.481074068,5.378911609,,
9_3D,15.5,36.25,6.03,3.15,9.45,903.8,17.3,0.36,0.38,0.84,0.07,23.78,6.44,11.24,69.06,194.04,2.22,1165000,0.4139,0.378895471,42.03972398,-0.316492189,0.248484576,-0.325287781,-0.236198814,-0.787901317,-0.189728442,-0.747466648,-0.287589645,5.382882088,,
9_3J,15.5,57.75,5.91,10.5,9.25,896,21.9,0.17,0.3,0.2,0.13,22.67,8.69,11.59,49.89,226.0216925,2.79,207000,0.3898,0.191103425,31.76339041,0.135111359,-0.099417098,0.143071158,0.07926206,0.200415473,-0.149204509,0.222242319,0.148094839,7.259575158,,
9_3M,15.5,40.26,7.98,10,9.51,909.8,17.3,0.13,0.39,0.81,0.06,25.04,5.577,8.412,69.99,221.46,2.28,830000,0.4069,0.259869752,34.56454412,-0.179650548,-0.282516993,-0.16956688,0.277646004,-0.297152541,0.291799586,-0.373846881,0.299760006,6.968237925,,
9_3S,15.5,17.39,3.18,6.25,9.41,885.3,22.5,0.29,0.4,1.34,0.09,23.6,5.63,12.97,80.92,216.26,1.55,990500,0.5335,0.081423158,23.37991508,0.394973596,0.08303589,0.388988643,-0.073214658,0.866616797,-0.071330975,0.963285411,-0.044506423,6.980513919,,
